date,time_et,type,severity,policy,source,quality
2019-01-04,08:30,nfp,high,reduce,first-Friday rule,approx
2019-01-30,14:00,fomc_decision,high,blackout_window,federalreserve.gov/monetarypolicy/fomccalendars.htm,exact
2019-02-01,08:30,nfp,high,reduce,first-Friday rule,approx
2019-02-20,14:00,fomc_minutes,medium,blackout_window,decision+21d (Fed practice),derived
2019-03-01,08:30,nfp,high,reduce,first-Friday rule,approx
2019-03-15,16:00,quad_witching,medium,reduce,3rd Friday Mar/Jun/Sep/Dec,exact
2019-03-20,14:00,fomc_decision,high,blackout_window,federalreserve.gov/monetarypolicy/fomccalendars.htm,exact
2019-04-05,08:30,nfp,high,reduce,first-Friday rule,approx
2019-04-10,14:00,fomc_minutes,medium,blackout_window,decision+21d (Fed practice),derived
2019-05-01,14:00,fomc_decision,high,blackout_window,federalreserve.gov/monetarypolicy/fomccalendars.htm,exact
2019-05-03,08:30,nfp,high,reduce,first-Friday rule,approx
2019-05-22,14:00,fomc_minutes,medium,blackout_window,decision+21d (Fed practice),derived
2019-06-07,08:30,nfp,high,reduce,first-Friday rule,approx
2019-06-19,14:00,fomc_decision,high,blackout_window,federalreserve.gov/monetarypolicy/fomccalendars.htm,exact
2019-06-21,16:00,quad_witching,medium,reduce,3rd Friday Mar/Jun/Sep/Dec,exact
2019-07-05,08:30,nfp,high,reduce,first-Friday rule,approx
2019-07-10,14:00,fomc_minutes,medium,blackout_window,decision+21d (Fed practice),derived
2019-07-31,14:00,fomc_decision,high,blackout_window,federalreserve.gov/monetarypolicy/fomccalendars.htm,exact
2019-08-02,08:30,nfp,high,reduce,first-Friday rule,approx
2019-08-21,14:00,fomc_minutes,medium,blackout_window,decision+21d (Fed practice),derived
2019-09-06,08:30,nfp,high,reduce,first-Friday rule,approx
2019-09-18,14:00,fomc_decision,high,blackout_window,federalreserve.gov/monetarypolicy/fomccalendars.htm,exact
2019-09-20,16:00,quad_witching,medium,reduce,3rd Friday Mar/Jun/Sep/Dec,exact
2019-10-04,08:30,nfp,high,reduce,first-Friday rule,approx
2019-10-09,14:00,fomc_minutes,medium,blackout_window,decision+21d (Fed practice),derived
2019-10-30,14:00,fomc_decision,high,blackout_window,federalreserve.gov/monetarypolicy/fomccalendars.htm,exact
2019-11-01,08:30,nfp,high,reduce,first-Friday rule,approx
2019-11-20,14:00,fomc_minutes,medium,blackout_window,decision+21d (Fed practice),derived
2019-12-06,08:30,nfp,high,reduce,first-Friday rule,approx
2019-12-11,14:00,fomc_decision,high,blackout_window,federalreserve.gov/monetarypolicy/fomccalendars.htm,exact
2019-12-20,16:00,quad_witching,medium,reduce,3rd Friday Mar/Jun/Sep/Dec,exact
2020-01-01,14:00,fomc_minutes,medium,blackout_window,decision+21d (Fed practice),derived
2020-01-03,08:30,nfp,high,reduce,first-Friday rule,approx
2020-01-29,14:00,fomc_decision,high,blackout_window,federalreserve.gov/monetarypolicy/fomccalendars.htm,exact
2020-02-07,08:30,nfp,high,reduce,first-Friday rule,approx
2020-02-19,14:00,fomc_minutes,medium,blackout_window,decision+21d (Fed practice),derived
2020-03-06,08:30,nfp,high,reduce,first-Friday rule,approx
2020-03-15,17:00,fomc_emergency,high,skip,fomchistorical2020,exact
2020-03-20,16:00,quad_witching,medium,reduce,3rd Friday Mar/Jun/Sep/Dec,exact
2020-04-03,08:30,nfp,high,reduce,first-Friday rule,approx
2020-04-29,14:00,fomc_decision,high,blackout_window,federalreserve.gov/monetarypolicy/fomccalendars.htm,exact
2020-05-01,08:30,nfp,high,reduce,first-Friday rule,approx
2020-05-20,14:00,fomc_minutes,medium,blackout_window,decision+21d (Fed practice),derived
2020-06-05,08:30,nfp,high,reduce,first-Friday rule,approx
2020-06-10,14:00,fomc_decision,high,blackout_window,federalreserve.gov/monetarypolicy/fomccalendars.htm,exact
2020-06-19,16:00,quad_witching,medium,reduce,3rd Friday Mar/Jun/Sep/Dec,exact
2020-07-01,14:00,fomc_minutes,medium,blackout_window,decision+21d (Fed practice),derived
2020-07-03,08:30,nfp,high,reduce,first-Friday rule,approx
2020-07-29,14:00,fomc_decision,high,blackout_window,federalreserve.gov/monetarypolicy/fomccalendars.htm,exact
2020-08-07,08:30,nfp,high,reduce,first-Friday rule,approx
2020-08-19,14:00,fomc_minutes,medium,blackout_window,decision+21d (Fed practice),derived
2020-09-04,08:30,nfp,high,reduce,first-Friday rule,approx
2020-09-16,14:00,fomc_decision,high,blackout_window,federalreserve.gov/monetarypolicy/fomccalendars.htm,exact
2020-09-18,16:00,quad_witching,medium,reduce,3rd Friday Mar/Jun/Sep/Dec,exact
2020-10-02,08:30,nfp,high,reduce,first-Friday rule,approx
2020-10-07,14:00,fomc_minutes,medium,blackout_window,decision+21d (Fed practice),derived
2020-11-05,14:00,fomc_decision,high,blackout_window,federalreserve.gov/monetarypolicy/fomccalendars.htm,exact
2020-11-06,08:30,nfp,high,reduce,first-Friday rule,approx
2020-11-26,14:00,fomc_minutes,medium,blackout_window,decision+21d (Fed practice),derived
2020-12-04,08:30,nfp,high,reduce,first-Friday rule,approx
2020-12-16,14:00,fomc_decision,high,blackout_window,federalreserve.gov/monetarypolicy/fomccalendars.htm,exact
2020-12-18,16:00,quad_witching,medium,reduce,3rd Friday Mar/Jun/Sep/Dec,exact
2021-01-01,08:30,nfp,high,reduce,first-Friday rule,approx
2021-01-06,14:00,fomc_minutes,medium,blackout_window,decision+21d (Fed practice),derived
2021-01-27,14:00,fomc_decision,high,blackout_window,federalreserve.gov/monetarypolicy/fomccalendars.htm,exact
2021-02-05,08:30,nfp,high,reduce,first-Friday rule,approx
2021-02-17,14:00,fomc_minutes,medium,blackout_window,decision+21d (Fed practice),derived
2021-03-05,08:30,nfp,high,reduce,first-Friday rule,approx
2021-03-17,14:00,fomc_decision,high,blackout_window,federalreserve.gov/monetarypolicy/fomccalendars.htm,exact
2021-03-19,16:00,quad_witching,medium,reduce,3rd Friday Mar/Jun/Sep/Dec,exact
2021-04-02,08:30,nfp,high,reduce,first-Friday rule,approx
2021-04-07,14:00,fomc_minutes,medium,blackout_window,decision+21d (Fed practice),derived
2021-04-28,14:00,fomc_decision,high,blackout_window,federalreserve.gov/monetarypolicy/fomccalendars.htm,exact
2021-05-07,08:30,nfp,high,reduce,first-Friday rule,approx
2021-05-19,14:00,fomc_minutes,medium,blackout_window,decision+21d (Fed practice),derived
2021-06-04,08:30,nfp,high,reduce,first-Friday rule,approx
2021-06-16,14:00,fomc_decision,high,blackout_window,federalreserve.gov/monetarypolicy/fomccalendars.htm,exact
2021-06-18,16:00,quad_witching,medium,reduce,3rd Friday Mar/Jun/Sep/Dec,exact
2021-07-02,08:30,nfp,high,reduce,first-Friday rule,approx
2021-07-07,14:00,fomc_minutes,medium,blackout_window,decision+21d (Fed practice),derived
2021-07-28,14:00,fomc_decision,high,blackout_window,federalreserve.gov/monetarypolicy/fomccalendars.htm,exact
2021-08-06,08:30,nfp,high,reduce,first-Friday rule,approx
2021-08-18,14:00,fomc_minutes,medium,blackout_window,decision+21d (Fed practice),derived
2021-09-03,08:30,nfp,high,reduce,first-Friday rule,approx
2021-09-17,16:00,quad_witching,medium,reduce,3rd Friday Mar/Jun/Sep/Dec,exact
2021-09-22,14:00,fomc_decision,high,blackout_window,federalreserve.gov/monetarypolicy/fomccalendars.htm,exact
2021-10-01,08:30,nfp,high,reduce,first-Friday rule,approx
2021-10-13,14:00,fomc_minutes,medium,blackout_window,decision+21d (Fed practice),derived
2021-11-03,14:00,fomc_decision,high,blackout_window,federalreserve.gov/monetarypolicy/fomccalendars.htm,exact
2021-11-05,08:30,nfp,high,reduce,first-Friday rule,approx
2021-11-24,14:00,fomc_minutes,medium,blackout_window,decision+21d (Fed practice),derived
2021-12-03,08:30,nfp,high,reduce,first-Friday rule,approx
2021-12-15,14:00,fomc_decision,high,blackout_window,federalreserve.gov/monetarypolicy/fomccalendars.htm,exact
2021-12-17,16:00,quad_witching,medium,reduce,3rd Friday Mar/Jun/Sep/Dec,exact
2022-01-05,14:00,fomc_minutes,medium,blackout_window,decision+21d (Fed practice),derived
2022-01-07,08:30,nfp,high,reduce,first-Friday rule,approx
2022-01-26,14:00,fomc_decision,high,blackout_window,federalreserve.gov/monetarypolicy/fomccalendars.htm,exact
2022-02-04,08:30,nfp,high,reduce,first-Friday rule,approx
2022-02-16,14:00,fomc_minutes,medium,blackout_window,decision+21d (Fed practice),derived
2022-03-04,08:30,nfp,high,reduce,first-Friday rule,approx
2022-03-16,14:00,fomc_decision,high,blackout_window,federalreserve.gov/monetarypolicy/fomccalendars.htm,exact
2022-03-18,16:00,quad_witching,medium,reduce,3rd Friday Mar/Jun/Sep/Dec,exact
2022-04-01,08:30,nfp,high,reduce,first-Friday rule,approx
2022-04-06,14:00,fomc_minutes,medium,blackout_window,decision+21d (Fed practice),derived
2022-05-04,14:00,fomc_decision,high,blackout_window,federalreserve.gov/monetarypolicy/fomccalendars.htm,exact
2022-05-06,08:30,nfp,high,reduce,first-Friday rule,approx
2022-05-25,14:00,fomc_minutes,medium,blackout_window,decision+21d (Fed practice),derived
2022-06-03,08:30,nfp,high,reduce,first-Friday rule,approx
2022-06-15,14:00,fomc_decision,high,blackout_window,federalreserve.gov/monetarypolicy/fomccalendars.htm,exact
2022-06-17,16:00,quad_witching,medium,reduce,3rd Friday Mar/Jun/Sep/Dec,exact
2022-07-01,08:30,nfp,high,reduce,first-Friday rule,approx
2022-07-06,14:00,fomc_minutes,medium,blackout_window,decision+21d (Fed practice),derived
2022-07-27,14:00,fomc_decision,high,blackout_window,federalreserve.gov/monetarypolicy/fomccalendars.htm,exact
2022-08-05,08:30,nfp,high,reduce,first-Friday rule,approx
2022-08-17,14:00,fomc_minutes,medium,blackout_window,decision+21d (Fed practice),derived
2022-09-02,08:30,nfp,high,reduce,first-Friday rule,approx
2022-09-16,16:00,quad_witching,medium,reduce,3rd Friday Mar/Jun/Sep/Dec,exact
2022-09-21,14:00,fomc_decision,high,blackout_window,federalreserve.gov/monetarypolicy/fomccalendars.htm,exact
2022-10-07,08:30,nfp,high,reduce,first-Friday rule,approx
2022-10-12,14:00,fomc_minutes,medium,blackout_window,decision+21d (Fed practice),derived
2022-11-02,14:00,fomc_decision,high,blackout_window,federalreserve.gov/monetarypolicy/fomccalendars.htm,exact
2022-11-04,08:30,nfp,high,reduce,first-Friday rule,approx
2022-11-23,14:00,fomc_minutes,medium,blackout_window,decision+21d (Fed practice),derived
2022-12-02,08:30,nfp,high,reduce,first-Friday rule,approx
2022-12-14,14:00,fomc_decision,high,blackout_window,federalreserve.gov/monetarypolicy/fomccalendars.htm,exact
2022-12-16,16:00,quad_witching,medium,reduce,3rd Friday Mar/Jun/Sep/Dec,exact
2023-01-04,14:00,fomc_minutes,medium,blackout_window,decision+21d (Fed practice),derived
2023-01-06,08:30,nfp,high,reduce,first-Friday rule,approx
2023-02-01,14:00,fomc_decision,high,blackout_window,federalreserve.gov/monetarypolicy/fomccalendars.htm,exact
2023-02-03,08:30,nfp,high,reduce,first-Friday rule,approx
2023-02-22,14:00,fomc_minutes,medium,blackout_window,decision+21d (Fed practice),derived
2023-03-03,08:30,nfp,high,reduce,first-Friday rule,approx
2023-03-17,16:00,quad_witching,medium,reduce,3rd Friday Mar/Jun/Sep/Dec,exact
2023-03-22,14:00,fomc_decision,high,blackout_window,federalreserve.gov/monetarypolicy/fomccalendars.htm,exact
2023-04-07,08:30,nfp,high,reduce,first-Friday rule,approx
2023-04-12,14:00,fomc_minutes,medium,blackout_window,decision+21d (Fed practice),derived
2023-05-03,14:00,fomc_decision,high,blackout_window,federalreserve.gov/monetarypolicy/fomccalendars.htm,exact
2023-05-05,08:30,nfp,high,reduce,first-Friday rule,approx
2023-05-24,14:00,fomc_minutes,medium,blackout_window,decision+21d (Fed practice),derived
2023-06-02,08:30,nfp,high,reduce,first-Friday rule,approx
2023-06-14,14:00,fomc_decision,high,blackout_window,federalreserve.gov/monetarypolicy/fomccalendars.htm,exact
2023-06-16,16:00,quad_witching,medium,reduce,3rd Friday Mar/Jun/Sep/Dec,exact
2023-07-05,14:00,fomc_minutes,medium,blackout_window,decision+21d (Fed practice),derived
2023-07-07,08:30,nfp,high,reduce,first-Friday rule,approx
2023-07-26,14:00,fomc_decision,high,blackout_window,federalreserve.gov/monetarypolicy/fomccalendars.htm,exact
2023-08-04,08:30,nfp,high,reduce,first-Friday rule,approx
2023-08-16,14:00,fomc_minutes,medium,blackout_window,decision+21d (Fed practice),derived
2023-09-01,08:30,nfp,high,reduce,first-Friday rule,approx
2023-09-15,16:00,quad_witching,medium,reduce,3rd Friday Mar/Jun/Sep/Dec,exact
2023-09-20,14:00,fomc_decision,high,blackout_window,federalreserve.gov/monetarypolicy/fomccalendars.htm,exact
2023-10-06,08:30,nfp,high,reduce,first-Friday rule,approx
2023-10-11,14:00,fomc_minutes,medium,blackout_window,decision+21d (Fed practice),derived
2023-11-01,14:00,fomc_decision,high,blackout_window,federalreserve.gov/monetarypolicy/fomccalendars.htm,exact
2023-11-03,08:30,nfp,high,reduce,first-Friday rule,approx
2023-11-22,14:00,fomc_minutes,medium,blackout_window,decision+21d (Fed practice),derived
2023-12-01,08:30,nfp,high,reduce,first-Friday rule,approx
2023-12-13,14:00,fomc_decision,high,blackout_window,federalreserve.gov/monetarypolicy/fomccalendars.htm,exact
2023-12-15,16:00,quad_witching,medium,reduce,3rd Friday Mar/Jun/Sep/Dec,exact
2024-01-03,14:00,fomc_minutes,medium,blackout_window,decision+21d (Fed practice),derived
2024-01-05,08:30,nfp,high,reduce,first-Friday rule,approx
2024-01-31,14:00,fomc_decision,high,blackout_window,federalreserve.gov/monetarypolicy/fomccalendars.htm,exact
2024-02-02,08:30,nfp,high,reduce,first-Friday rule,approx
2024-02-21,14:00,fomc_minutes,medium,blackout_window,decision+21d (Fed practice),derived
2024-03-01,08:30,nfp,high,reduce,first-Friday rule,approx
2024-03-15,16:00,quad_witching,medium,reduce,3rd Friday Mar/Jun/Sep/Dec,exact
2024-03-20,14:00,fomc_decision,high,blackout_window,federalreserve.gov/monetarypolicy/fomccalendars.htm,exact
2024-04-05,08:30,nfp,high,reduce,first-Friday rule,approx
2024-04-10,14:00,fomc_minutes,medium,blackout_window,decision+21d (Fed practice),derived
2024-05-01,14:00,fomc_decision,high,blackout_window,federalreserve.gov/monetarypolicy/fomccalendars.htm,exact
2024-05-03,08:30,nfp,high,reduce,first-Friday rule,approx
2024-05-22,14:00,fomc_minutes,medium,blackout_window,decision+21d (Fed practice),derived
2024-06-07,08:30,nfp,high,reduce,first-Friday rule,approx
2024-06-12,14:00,fomc_decision,high,blackout_window,federalreserve.gov/monetarypolicy/fomccalendars.htm,exact
2024-06-21,16:00,quad_witching,medium,reduce,3rd Friday Mar/Jun/Sep/Dec,exact
2024-07-03,14:00,fomc_minutes,medium,blackout_window,decision+21d (Fed practice),derived
2024-07-05,08:30,nfp,high,reduce,first-Friday rule,approx
2024-07-31,14:00,fomc_decision,high,blackout_window,federalreserve.gov/monetarypolicy/fomccalendars.htm,exact
2024-08-02,08:30,nfp,high,reduce,first-Friday rule,approx
2024-08-21,14:00,fomc_minutes,medium,blackout_window,decision+21d (Fed practice),derived
2024-09-06,08:30,nfp,high,reduce,first-Friday rule,approx
2024-09-18,14:00,fomc_decision,high,blackout_window,federalreserve.gov/monetarypolicy/fomccalendars.htm,exact
2024-09-20,16:00,quad_witching,medium,reduce,3rd Friday Mar/Jun/Sep/Dec,exact
2024-10-04,08:30,nfp,high,reduce,first-Friday rule,approx
2024-10-09,14:00,fomc_minutes,medium,blackout_window,decision+21d (Fed practice),derived
2024-11-01,08:30,nfp,high,reduce,first-Friday rule,approx
2024-11-07,14:00,fomc_decision,high,blackout_window,federalreserve.gov/monetarypolicy/fomccalendars.htm,exact
2024-11-28,14:00,fomc_minutes,medium,blackout_window,decision+21d (Fed practice),derived
2024-12-06,08:30,nfp,high,reduce,first-Friday rule,approx
2024-12-18,14:00,fomc_decision,high,blackout_window,federalreserve.gov/monetarypolicy/fomccalendars.htm,exact
2024-12-20,16:00,quad_witching,medium,reduce,3rd Friday Mar/Jun/Sep/Dec,exact
2025-01-03,08:30,nfp,high,reduce,first-Friday rule,approx
2025-01-08,14:00,fomc_minutes,medium,blackout_window,decision+21d (Fed practice),derived
2025-01-29,14:00,fomc_decision,high,blackout_window,federalreserve.gov/monetarypolicy/fomccalendars.htm,exact
2025-02-07,08:30,nfp,high,reduce,first-Friday rule,approx
2025-02-19,14:00,fomc_minutes,medium,blackout_window,decision+21d (Fed practice),derived
2025-03-07,08:30,nfp,high,reduce,first-Friday rule,approx
2025-03-19,14:00,fomc_decision,high,blackout_window,federalreserve.gov/monetarypolicy/fomccalendars.htm,exact
2025-03-21,16:00,quad_witching,medium,reduce,3rd Friday Mar/Jun/Sep/Dec,exact
2025-04-04,08:30,nfp,high,reduce,first-Friday rule,approx
2025-04-09,14:00,fomc_minutes,medium,blackout_window,decision+21d (Fed practice),derived
2025-05-02,08:30,nfp,high,reduce,first-Friday rule,approx
2025-05-07,14:00,fomc_decision,high,blackout_window,federalreserve.gov/monetarypolicy/fomccalendars.htm,exact
2025-05-28,14:00,fomc_minutes,medium,blackout_window,decision+21d (Fed practice),derived
2025-06-06,08:30,nfp,high,reduce,first-Friday rule,approx
2025-06-18,14:00,fomc_decision,high,blackout_window,federalreserve.gov/monetarypolicy/fomccalendars.htm,exact
2025-06-20,16:00,quad_witching,medium,reduce,3rd Friday Mar/Jun/Sep/Dec,exact
2025-07-04,08:30,nfp,high,reduce,first-Friday rule,approx
2025-07-09,14:00,fomc_minutes,medium,blackout_window,decision+21d (Fed practice),derived
2025-07-30,14:00,fomc_decision,high,blackout_window,federalreserve.gov/monetarypolicy/fomccalendars.htm,exact
2025-08-01,08:30,nfp,high,reduce,first-Friday rule,approx
2025-08-20,14:00,fomc_minutes,medium,blackout_window,decision+21d (Fed practice),derived
2025-09-05,08:30,nfp,high,reduce,first-Friday rule,approx
2025-09-17,14:00,fomc_decision,high,blackout_window,federalreserve.gov/monetarypolicy/fomccalendars.htm,exact
2025-09-19,16:00,quad_witching,medium,reduce,3rd Friday Mar/Jun/Sep/Dec,exact
2025-10-03,08:30,nfp,high,reduce,first-Friday rule,approx
2025-10-08,14:00,fomc_minutes,medium,blackout_window,decision+21d (Fed practice),derived
2025-10-29,14:00,fomc_decision,high,blackout_window,federalreserve.gov/monetarypolicy/fomccalendars.htm,exact
2025-11-07,08:30,nfp,high,reduce,first-Friday rule,approx
2025-11-19,14:00,fomc_minutes,medium,blackout_window,decision+21d (Fed practice),derived
2025-12-10,14:00,fomc_decision,high,blackout_window,federalreserve.gov/monetarypolicy/fomccalendars.htm,exact
2025-12-16,08:30,nfp,high,reduce,bls.gov/schedule/news_release,exact
2025-12-18,08:30,cpi,high,reduce,bls.gov/schedule/news_release,exact
2025-12-19,16:00,quad_witching,medium,reduce,3rd Friday Mar/Jun/Sep/Dec,exact
2025-12-31,14:00,fomc_minutes,medium,blackout_window,decision+21d (Fed practice),derived
2026-01-09,08:30,nfp,high,reduce,bls.gov/schedule/news_release,exact
2026-01-13,08:30,cpi,high,reduce,bls.gov/schedule/news_release,exact
2026-01-28,14:00,fomc_decision,high,blackout_window,federalreserve.gov/monetarypolicy/fomccalendars.htm,exact
2026-02-11,08:30,nfp,high,reduce,bls.gov/schedule/news_release,exact
2026-02-13,08:30,cpi,high,reduce,bls.gov/schedule/news_release,exact
2026-02-18,14:00,fomc_minutes,medium,blackout_window,decision+21d (Fed practice),derived
2026-03-06,08:30,nfp,high,reduce,bls.gov/schedule/news_release,exact
2026-03-11,08:30,cpi,high,reduce,bls.gov/schedule/news_release,exact
2026-03-18,14:00,fomc_decision,high,blackout_window,federalreserve.gov/monetarypolicy/fomccalendars.htm,exact
2026-03-20,16:00,quad_witching,medium,reduce,3rd Friday Mar/Jun/Sep/Dec,exact
2026-04-03,08:30,nfp,high,reduce,bls.gov/schedule/news_release,exact
2026-04-08,14:00,fomc_minutes,medium,blackout_window,decision+21d (Fed practice),derived
2026-04-10,08:30,cpi,high,reduce,bls.gov/schedule/news_release,exact
2026-04-29,14:00,fomc_decision,high,blackout_window,federalreserve.gov/monetarypolicy/fomccalendars.htm,exact
2026-05-08,08:30,nfp,high,reduce,bls.gov/schedule/news_release,exact
2026-05-12,08:30,cpi,high,reduce,bls.gov/schedule/news_release,exact
2026-05-20,14:00,fomc_minutes,medium,blackout_window,decision+21d (Fed practice),derived
2026-06-05,08:30,nfp,high,reduce,bls.gov/schedule/news_release,exact
2026-06-10,08:30,cpi,high,reduce,bls.gov/schedule/news_release,exact
2026-06-17,14:00,fomc_decision,high,blackout_window,federalreserve.gov/monetarypolicy/fomccalendars.htm,exact
2026-06-19,16:00,quad_witching,medium,reduce,3rd Friday Mar/Jun/Sep/Dec,exact
2026-07-02,08:30,nfp,high,reduce,bls.gov/schedule/news_release,exact
2026-07-08,14:00,fomc_minutes,medium,blackout_window,decision+21d (Fed practice),derived
2026-07-14,08:30,cpi,high,reduce,bls.gov/schedule/news_release,exact
2026-07-29,14:00,fomc_decision,high,blackout_window,federalreserve.gov/monetarypolicy/fomccalendars.htm,exact
2026-08-07,08:30,nfp,high,reduce,bls.gov/schedule/news_release,exact
2026-08-12,08:30,cpi,high,reduce,bls.gov/schedule/news_release,exact
2026-08-19,14:00,fomc_minutes,medium,blackout_window,decision+21d (Fed practice),derived
2026-09-04,08:30,nfp,high,reduce,bls.gov/schedule/news_release,exact
2026-09-11,08:30,cpi,high,reduce,bls.gov/schedule/news_release,exact
2026-09-16,14:00,fomc_decision,high,blackout_window,federalreserve.gov/monetarypolicy/fomccalendars.htm,exact
2026-09-18,16:00,quad_witching,medium,reduce,3rd Friday Mar/Jun/Sep/Dec,exact
2026-10-02,08:30,nfp,high,reduce,bls.gov/schedule/news_release,exact
2026-10-07,14:00,fomc_minutes,medium,blackout_window,decision+21d (Fed practice),derived
2026-10-14,08:30,cpi,high,reduce,bls.gov/schedule/news_release,exact
2026-10-28,14:00,fomc_decision,high,blackout_window,federalreserve.gov/monetarypolicy/fomccalendars.htm,exact
2026-11-06,08:30,nfp,high,reduce,bls.gov/schedule/news_release,exact
2026-11-10,08:30,cpi,high,reduce,bls.gov/schedule/news_release,exact
2026-11-18,14:00,fomc_minutes,medium,blackout_window,decision+21d (Fed practice),derived
2026-12-04,08:30,nfp,high,reduce,bls.gov/schedule/news_release,exact
2026-12-09,14:00,fomc_decision,high,blackout_window,federalreserve.gov/monetarypolicy/fomccalendars.htm,exact
2026-12-10,08:30,cpi,high,reduce,bls.gov/schedule/news_release,exact
2026-12-18,16:00,quad_witching,medium,reduce,3rd Friday Mar/Jun/Sep/Dec,exact
2026-12-30,14:00,fomc_minutes,medium,blackout_window,decision+21d (Fed practice),derived
2027-01-27,14:00,fomc_decision,high,blackout_window,federalreserve.gov/monetarypolicy/fomccalendars.htm,exact
2027-02-17,14:00,fomc_minutes,medium,blackout_window,decision+21d (Fed practice),derived
2027-03-17,14:00,fomc_decision,high,blackout_window,federalreserve.gov/monetarypolicy/fomccalendars.htm,exact
2027-03-19,16:00,quad_witching,medium,reduce,3rd Friday Mar/Jun/Sep/Dec,exact
2027-04-07,14:00,fomc_minutes,medium,blackout_window,decision+21d (Fed practice),derived
2027-04-28,14:00,fomc_decision,high,blackout_window,federalreserve.gov/monetarypolicy/fomccalendars.htm,exact
2027-05-19,14:00,fomc_minutes,medium,blackout_window,decision+21d (Fed practice),derived
2027-06-09,14:00,fomc_decision,high,blackout_window,federalreserve.gov/monetarypolicy/fomccalendars.htm,exact
2027-06-18,16:00,quad_witching,medium,reduce,3rd Friday Mar/Jun/Sep/Dec,exact
2027-06-30,14:00,fomc_minutes,medium,blackout_window,decision+21d (Fed practice),derived
2027-07-28,14:00,fomc_decision,high,blackout_window,federalreserve.gov/monetarypolicy/fomccalendars.htm,exact
2027-08-18,14:00,fomc_minutes,medium,blackout_window,decision+21d (Fed practice),derived
2027-09-15,14:00,fomc_decision,high,blackout_window,federalreserve.gov/monetarypolicy/fomccalendars.htm,exact
2027-09-17,16:00,quad_witching,medium,reduce,3rd Friday Mar/Jun/Sep/Dec,exact
2027-10-06,14:00,fomc_minutes,medium,blackout_window,decision+21d (Fed practice),derived
2027-10-27,14:00,fomc_decision,high,blackout_window,federalreserve.gov/monetarypolicy/fomccalendars.htm,exact
2027-11-17,14:00,fomc_minutes,medium,blackout_window,decision+21d (Fed practice),derived
2027-12-08,14:00,fomc_decision,high,blackout_window,federalreserve.gov/monetarypolicy/fomccalendars.htm,exact
2027-12-17,16:00,quad_witching,medium,reduce,3rd Friday Mar/Jun/Sep/Dec,exact
2027-12-29,14:00,fomc_minutes,medium,blackout_window,decision+21d (Fed practice),derived
