"Indicator or Strategy Name","Type","Primary Criteria and Settings","Entry Conditions","Risk Management or Exit Rules","Ideal Asset Characteristics","Source"
"Gap and Go","Trading Strategy","Analyzes pre-market gaps ( $>4\%$ ) and windows on daily/intraday charts; requires direct access routing and hotkeys.","Breakout of pre-market highs, 1-minute Opening Range Breakout (ORB), or first pullback after the open; requires high relative volume and news catalyst.","$2:1$  profit/loss ratio; stop at the low of the first 1-min candle or pullback; scale out half at profit target via hotkeys; avoid holding overnight.","Price range  $\$2-\$20$ ; low float (typically  $<10\text{M}-50\text{M}$  shares); high relative volume ( $>5\text{x}$ ); presence of fundamental news catalyst.","1-47"
"Micro Pullback (First Pullback)","Trading Strategy","Technical analysis of intraday charts (1-min, 5-min, or sub-1 min intervals like 10s) during strong momentum.","Buy the first or second orderly pullback (minor price retracement) after a breakout; entry on first candle to make a new high.","Stop at the low of the pullback;  $2:1$  profit/loss ratio; scale out at new high of day or adjust stop to breakeven after partial profit.","High volume momentum stocks; leading gappers; former runners; float under  $20\text{M}$  shares; price under  $\$25$ .","1, 6, 13, 14, 16-18, 20, 21, 23, 26, 32, 33, 35-42, 44, 48-73"
"Bull Flag / Bear Flag","Chart Pattern / Strategy","3-5 strong green candles (pole) followed by 1-3 candle consolidation (flag) on lighter volume (less than  $25\%$  of initial move).","Enter on the first candle to make a new high versus the previous candle in the pullback or break of the flag's upper resistance.","Stop loss at the low of the flag/pullback; first profit target at high of day;  $2:1$  profit/loss ratio.","Low float ( $<100\text{M}$  shares); high relative volume ( $>2$ ); momentum stocks with news catalysts.","1, 4, 5, 11, 26, 40, 49, 54, 74-82"
"Flat Top Breakout","Trading Strategy","Ascending wedge pattern; horizontal resistance (flat top) with higher lows forming ascending support.","Buy at the apex point or breakout price, ideally just below whole or half dollar levels.","Stop loss just below ascending support or breakout price; scale out half and adjust stop to breakeven after surge.","High relative volume; stocks consolidating below key resistance after a  $4\%+$  move; strong intraday momentum.","1, 40, 49, 54, 60, 81, 83, 84"
"Moving Averages (EMA/SMA)","Technical Indicator","Exponential (EMA) or Simple (SMA) settings: 9, 20, 50, 200 periods; responds to price trends.","Price crossing above moving average or buying pullbacks to the average (dynamic support) in an uptrend.","Set stop loss slightly below the average support level; exit if price breaks and closes below the key EMA (e.g., 9 EMA).","Trending assets with clear supply/demand imbalances; liquid stocks that technically respect moving averages.","1, 4, 5, 7, 11, 12, 26, 31, 36, 37, 40, 51, 60, 63, 65, 78, 85-119"
"Bollinger Bands","Technical Indicator","Standard 20-period moving average with  $1.0, 2.0,$  or  $3.0$  standard deviation bands.","Mean Reversion: Candles trading fully outside bands; Momentum: Breakout and close above upper band.","Reversal: Exit at mean (middle band) or opposite band; Momentum: Exit if price returns inside bands.","Volatile assets with high intraday volatility; stocks reaching extreme price extension or parabolic moves.","1, 3-5, 7, 12, 50, 51, 88, 93, 111, 120-132"
"VWAP (Volume Weighted Average Price)","Technical Indicator","Measures equilibrium point factoring price and volume; often includes standard deviation bands.","Long entry on VWAP reclaim or bounce; counter-trend entry at extreme extension from VWAP.","VWAP acts as primary profit target for reversals; stop loss placed slightly below VWAP for trend trades.","High volume stocks; institutional interest assets; liquid stocks where volume is key to price action.","1, 15, 21, 31, 51, 54, 60, 88, 90, 92, 93, 98, 105, 106, 108, 109, 112, 119, 123, 125, 133-150"
"Relative Strength Index (RSI)","Technical Indicator","14-period oscillator; standard levels at 70/80 (overbought) and 30/20 (oversold).","Buy when RSI is below 20 (oversold) or shows bullish divergence; Short when RSI is above 80 (overbought).","Use candle confirmation or volume peaks; exit upon trend exhaustion or divergence signals.","Momentum stocks reaching exhaustion points; liquid assets with clear ""rubber band"" extension from mean.","1, 5, 7, 11, 26, 38, 50, 63, 85, 86, 90, 91, 96, 97, 105, 106, 111, 112, 115-118, 120, 122, 124, 142, 151-161"
"MACD","Technical Indicator","Settings: 12, 26, close 9 EMA; measures convergence and divergence of moving averages.","Fast-line crossing above slow-line; histogram crossing above zero-line; convergence/divergence signals.","Exit on bearish crossover, flattening histogram, or momentum divergence where price high is not met by MACD high.","Trending assets with clear momentum cycles; high momentum stocks (e.g., DocuSign).","5, 7, 12, 26, 29, 37, 38, 50, 51, 72, 85-88, 90, 91, 93, 96-98, 105, 106, 109, 111, 112, 115-118, 120, 124, 142, 151, 152, 155, 156, 158-165"
"Support and Resistance","Technical Concept","Horizontal price levels (e.g., 30-90 days) where buying or selling repeatedly occurs.","Buy at support bounces; sell/short at resistance rejections; watch for ""Wyckoff Springs.""","Predefined stops slightly below support/above resistance; previous resistance becomes new support.","Assets showing institutional accumulation/liquidation; clearly defended or rejected price levels.","52, 99, 110, 120, 156, 166, 167"
"Volume","Technical Indicator","Total shares traded; current vs. relative volume (RVOL).","Entry confirmed when price move aligns with high relative volume ( $>2.0$  RVOL).","Decrease in volume during uptrend signals potential exit; volume tops (high volume/long wicks) indicate reversal.","High liquidity stocks; minimum  $1\text{M}$  volume for day traders; stocks ""in play.""","5, 7, 31, 109, 156, 159, 167, 168"
"Average True Range (ATR)","Technical Indicator","14-day average of price movement; measures historical volatility.","Used as a filter in scanners (e.g., ATR  $>1$ ); evaluates profit potential relative to timeframe.","Stop loss based on low of last 5-min candle or  $1-2$  ATRs from entry.","Assets with consistent daily volatility; day traders prefer  $20-30\%$  movements.","4, 9, 167"
"ABCD Pattern","Chart Pattern","Rhythmic move: initial leg (AB), retracement (BC), and continuation leg (CD).","Entry at point C (higher low) or on breakout of point B high; ideally above 9 EMA.","Stop loss placed below point C (the higher low).","Stocks in an orderly trend with series of higher highs and higher lows.","51, 54, 75"
"Ascending Triangle","Chart Pattern","Flat top (resistance) with an upward sloping trendline (higher lows).","Buy on initial break of flat top or on retest of the breakout point.","Exit if price descends below the support trendline; check for lack of bearish divergence.","Volume typically drops before breakout; breakout often occurs in last  $1/3$ rd of triangle.","11, 74, 78"
"Hammer / Inverted Hammer","Candlestick Pattern","Small body with long lower/upper wick (at least  $2\text{x}$  body length).","Buy on break of the prior candle's high (hammer) once confirmed by high volume.","Reversal confirmation via next candle; risk is low compared to potential reward.","High volume confirmation at the end of a fast descent (base formation).","5, 11, 169"
"Fibonacci Retracements","Technical Tool","Ratios:  $23.6\%, 38.2\%, 50\%, 61.8\%, 78.6\%$  calculated from recent high/low.","Breach or bounce at specific levels (e.g.,  $61.8\%$ ) after a moving average crossover.","Used to predetermine stop loss levels and take profit targets based on support/resistance behavior.","Assets in a clear uptrend or downtrend; applicable to all timeframes.","24, 32, 93"
"Chaikin Money Flow (CMF)","Technical Indicator","21-period oscillator measuring buying/selling pressure (range  $-100$  to  $+100$ ).","Buy when indicator crosses above zero line; confirms price breakouts through resistance.","Exit if price breaks levels but CMF remains on the opposite side of zero.","Trending markets; identifies actions of large institutional investors (""whales"").","56, 100, 110, 124"
"Stochastic Oscillator","Technical Indicator","Range-bound momentum indicator ( $0-100$ ); levels  $80$  (overbought),  $20$  (oversold).","Buy when price is below  $20$ ; look for bullish signals or divergences.","Sell or exit when price moves above overbought level ( $80$ ).","Securities with past trading data; used to monitor underlying market trends.","170"
"Average Directional Index (ADX)","Technical Indicator","Measures trend strength ( $14$ -period benchmark); consists of  $+DI, -DI,$  and ADX line.","Stay with positions as long as ADX is rising; combined with other indicators for direction.","Exit when ADX climbs above  $40$  and turns down; signals trend end or consolidation.","Trending markets; useful for identifying the end of significant price moves.","36, 51, 124"
"Heikin Ashi","Technical Indicator","Calculated using average price data to smooth trends.","Buy when candles change from red to green; long green with no lower wicks indicate strong trend.","Exit long when candle changes from green to red; exit short when it changes from red to green.","Applicable to any market or timeframe; used for trend scalping and swing trading.","53"
"Volatility Pause (LUDP)","Market Mechanism","Automatic 5-10 min halt for rapid moves ( $>10\%$  in 5 mins).","Traders may ""buy the dip"" after a halt if the flush appears overdone.","Reopenings can gap significantly; circuit breakers trigger automatically.","Stocks priced  $>\$3.00$ ; Tier 1 and Tier 2 NMS securities.","14, 171, 172"
"Small Account Strategy","Strategy Component","Strict adherence to highest quality technical setups (A+ setups).","Focus on leading gappers and high relative volume; risk  $\$50$  to make  $\$100$ .","Max daily loss  $\$100$ ; stop after 3 consecutive losers;  $75\%$  accuracy goal.","Price  $\$1.00-\$20.00$ ; high ATR to justify trade; small cap momentum stocks.","9, 40, 62"