item_id,classifier_category
H001,earnings_release
H002,hype_only
H003,clinical_study_results
H004,none
H005,none
H006,clinical_study_results
H007,breaking_news
H008,earnings_release
H009,clinical_study_results
H010,none
H011,fda_approval
H012,price_target_upgrade
H013,price_target_upgrade
H014,earnings_release
H015,hype_only
H016,earnings_release
H017,none
H018,clinical_study_results
H019,breaking_news
H020,none
H021,none
H022,hype_only
H023,fda_approval
H024,hype_only
H025,none
H026,none
H027,hype_only
H028,offering_dilution
H029,none
H030,none
H031,clinical_study_results
H032,price_target_upgrade
H033,unconfirmed_rumor
H034,none
H035,none
H036,none
H037,breaking_news
H038,clinical_study_results
H039,clinical_study_results
H040,earnings_release
H041,hype_only
H042,price_target_upgrade
H043,breaking_news
H044,none
H045,hype_only
H046,fda_approval
H047,earnings_release
H048,breaking_news
H049,fda_approval
H050,price_target_upgrade
H051,breaking_news
H052,none
H053,clinical_study_results
H054,none
H055,breaking_news
H056,breaking_news
H057,none
H058,none
H059,none
H060,breaking_news
H061,clinical_study_results
H062,none
H063,hype_only
H064,none
H065,fda_approval
H066,none
H067,hype_only
H068,unconfirmed_rumor
H069,breaking_news
H070,unconfirmed_rumor
H071,breaking_news
H072,earnings_release
H073,none
H074,unconfirmed_rumor
H075,none
H076,fda_approval
H077,none
H078,fda_approval
H079,price_target_upgrade
H080,fda_approval
H081,earnings_release
H082,clinical_study_results
H083,buyout_offer
H084,breaking_news
H085,earnings_release
H086,breaking_news
H087,none
H088,none
H089,none
H090,breaking_news
H091,earnings_release
H092,breaking_news
H093,earnings_release
H094,none
H095,none
H096,none
H097,earnings_release
H098,none
H099,none
H100,none
