item_id,owner_label,note,saved_at
S2H001,price_target_upgrade,,2026-09-28T11:09:09.482Z
S2H002,buyout_offer,,2026-09-28T11:09:17.814Z
S2H007,none,,2026-09-28T11:09:26.013Z
S2H026,none,,2026-09-28T11:09:27.029Z
S2H030,fda_approval,,2026-09-28T11:09:34.515Z
S2H034,breaking_news,,2026-09-28T11:09:37.813Z
S2H045,price_target_upgrade,,2026-09-28T11:09:46.414Z
S2H046,hype_only,,2026-09-28T11:09:48.164Z
S2H047,fda_approval,,2026-09-28T11:09:56.298Z
S2H050,hype_only,,2026-09-28T11:10:01.946Z
