item_id,date,symbol,headline
S2H001,2021-12-17,SPRB,"Oppenheimer Initiates Coverage On Spruce Biosciences with Outperform Rating, Announces Price Target of $15"
S2H002,2021-10-04,TGP,"Stonepeak To Acquire Teekay LNG; Transaction Valued At $6.2B, Acquisition Price $17/Unit"
S2H003,2022-08-02,MAIA,Maia Biotechnology Receives FDA Orphan Drug Designation For THIO For The Treatment Of Small-Cell Lung Cancer
S2H004,2021-10-25,PHUN,"Trump's SPAC Partner Emerges As Top WallStreetBets Interest; Facebook, Snapchat, Tesla And These Are Other Top Trends"
S2H005,2025-02-20,QUBT,"Quantum Computing Stocks RGTI, QUBT, IONQ, QBTS Cheer Microsoft's 'Majorana 1' Launch: Satya Nadella Calls It A 'Physics And Fabrication Breakthrough'"
S2H006,2023-05-05,CVNA,Why Carvana Shares Are Trading Higher By 35%; Here Are 20 Stocks Moving Premarket
S2H007,2021-09-28,FEIM,12 Information Technology Stocks Moving In Monday's After-Market Session
S2H008,2023-11-02,PLTR,Palantir Tech Stock Soars - Clock Strong Q3 Performance On Commercial and Government Growth
S2H009,2023-03-03,AI,"C3.ai Q3 Adj. EPS $(0.06) Beats $(0.22) Estimate, Sales $66.67M Beat $64.25M Estimate"
S2H010,2024-07-17,LGVN,"Longeveron Receives FDA Fast Track Designation For Lomecel-B For Mild Alzheimer's Disease; Second Designation Following RMAT Designation On July 9, 2024"
S2H011,2020-05-18,CODX,70 Biggest Movers From Friday
S2H012,2019-08-15,PVTL,Pivotal Software Rips Higher On Potential Acquisition By VMware
S2H013,2025-07-21,DFDV,"EXCLUSIVE: DeFi Development Tells Benzinga Co. Grows Treasury To 999,999, Says Raises $19M From Equity Line Of Credit"
S2H014,2019-12-23,PGNX,Progenics' Phase 3 CONDOR Trial of PyL Met its Primary Endpoint
S2H015,2019-08-12,RKDA,90 Biggest Movers From Friday
S2H016,2022-07-07,ANVS,Annovis Bio Announces FDA Notice For Buntanetap Phase 3 Clinical Trial In Parkinson's Disease; Co. Reports 'FDA indicates the Company may proceed with the Phase 3 clinical study'
S2H017,2024-01-19,EDR,"Bloomberg Reported Late Thursday: Silver Lake Plans To Sell Off Parts Of Endeavor After Takeover; Bid To Be Delivered In Coming Weeks, According To Sources"
S2H018,2022-08-09,GDRX,"Barclays Maintains Overweight on GoodRx Holdings, Raises Price Target to $13"
S2H019,2020-07-29,KODK,Eastman Kodak Shares Up 50% After Hours Following Comment From Trump Has Reached 'Historic' Deal With Kodak to Produce Critical Pharmaceuticals
S2H020,2022-03-08,VYGR,Voyager Therapeutics Announced License Option Agreement with Novartis for Target-Specific Access to Next-Generation TRACER AAV Capsids for Gene Therapy Programs
S2H021,2023-05-24,ANF,Why Abercrombie & Fitch Shares Are Surging Today
S2H022,2021-02-26,RKT,UPDATE: Rocket Companies Q4 Adj. Sales $4.775B vs $1.825B In Same Qtr. Last Year
S2H023,2023-12-20,LGVN,Longeveron Announces Additional New Clinical And Biomarker Results From Its Phase 2a CLEAR MIND Trial Of Its Investigational Product Lomecel-B For Treatment Of Mild Alzheimer's Disease
S2H024,2021-05-26,DYAI,Dyadic Announces Development Of COVID-19 Vaccine In India
S2H025,2021-05-28,CLOV,"Chamath Palihapitiya Calls For SPAC Regulation, What Else Did He Say?: Report"
S2H026,2025-05-09,LYFT,Top 3 Industrials Stocks That May Collapse In May
S2H027,2020-10-06,NTRP,Neurotrope Announces First Patient Dosed In Long-Term Clinical Trial Of Bryostatin In Alzheimer's Disease
S2H028,2019-06-27,KBH,"KeyBanc Upgrades KB Home to Overweight, Announces $30 Price Target"
S2H029,2020-05-11,AMC,"Shares Of AMC Up 71% Pre-Market After Traders Circulate Daily Mail Report That Amazon Is In Talks With Odeon Cinemas, Which AMC Owns"
S2H030,2025-09-08,XAIR,Beyond Air Says Subsidiary NeuroNOS Granted FDA Orphan Drug Designation For Glioblastoma
S2H031,2023-09-01,S,"Wells Fargo Maintains Equal-Weight on SentinelOne, Raises Price Target to $17"
S2H032,2021-04-12,MUDS,"SPACs Attack Weekly Recap: 6 Deals, Rumors And Headline News"
S2H033,2022-08-12,VEEE,"Twin Vee PowerCats Q2 EPS $(0.08) Down From $0.01 YoY, Sales $8.52M Up From $3.30M YoY"
S2H034,2024-02-22,RILY,"B. Riley Board Issues Statement Regarding Internal Review; Audit Committee's Review Affirms Co. 'Acted Properly with Regard to the Management-Led Buyout of FRG' And Co. Says 'B. Riley Financial and its Executives Had No Involvement with, or Knowledge of, Alleged Prophecy Misconduct'"
S2H035,2022-03-08,NINE,"Benzinga Pro's Top 5 Stocks To Watch For Tuesday, Mar. 8, 2022: RBLX, PED, SPI, IO, BRAG"
S2H036,2020-11-02,CWH,Camping World Announces a $100M Buyback
S2H037,2025-07-21,HSDT,Helius Medical Reports Outcome From PoNS SRP Supporting Planned FDA Submission Seeking Indication For Gait And Balance Deficit In Patients With Chronic Symptoms Of Stroke Under Current Breakthrough Device Designation
S2H038,2024-01-05,PTON,"US Stocks Poised To Extend New Year Slump As Focus Shifts To December Jobs Data: Analyst Sees S&P Testing 4,800 On This Condition"
S2H039,2023-11-02,LMND,"Lemonade Q3 2023 EPS $(0.88) Beats $(0.94) Estimate, Sales $114.50M Beat $104.46M Estimate"
S2H040,2021-01-29,AMC,Bitcoin Shoots Up 11%: Did Elon Musk-DogeCoin Boost Help?
S2H041,2022-07-28,F,Ford Motor Co Says Q2 2022 Results Include A $2.4B Loss On Our Rivian Investment
S2H042,2021-10-19,ETTX,Entasis Shares Rally On Positive Data From Drug-Resistant Bacterial Infection Candidate
S2H043,2021-09-14,NNVC,Nanoviricides Shares Spike After Co. Issues PR 'NanoViricides Completes Licensing for Coronavirus Field which Includes Current COVID-19 Drug Development'
S2H044,2024-02-01,PTGX,"Takeda And Protagonist Therapeutics, Inc. Enter Worldwide License And Collaboration Agreement For Rusfertide; Takeda To Make Upfront Payment Of $300M At Closing"
S2H045,2024-11-19,ACRS,"Leerink Partners Upgrades Aclaris Therapeutics to Outperform, Raises Price Target to $7"
S2H046,2021-01-29,AMC,Who Is 'Roaring Kitty?' — The Leader Behind The GameShort Short Squeeze
S2H047,2020-05-18,AQST,"The Week Ahead In Biotech: Aquestive Awaits FDA Decision, Earnings Flow Slows"
S2H048,2023-03-03,IOT,"Goldman Sachs Upgrades Samsara to Buy, Raises Price Target to $27"
S2H049,2023-06-26,SLG,US Commercial Real Estate Faces 'Apocalypse' as Troubled Assets Surge To $64 Billion: 5 Stocks To Monitor
S2H050,2024-02-15,SOUN,"Nvidia Bolsters AI Leadership with Investment in Arm Holdings, Eyes Future Growth in Semiconductor Industry"
