req_id,level,area,statement,operational_definition,source,spec_key,function,test,trials,status
POOL-01,MUST,pool,Universe is selected causally at 09:25,1-minute SIP bars 09:00-09:25 for every symbol with split-adjusted prior close $0.95-21; last print <= 09:25 is the price; nothing at/after 09:25 used (D1),plan D1,candidate_pool.snapshot_window,wt.scanner.pool.build_day,tests/unit/test_pool.py,all,implemented
POOL-02,MUST,pool,Gap is measured against the split-adjusted prior close,gap = price_0925 / (raw prior close x f(d)/f(prev)) - 1 where f = raw/split-adjusted close (D2),plan D2,candidate_pool.gap_basis,wt.data.corpactions.SplitFactors.adjusted_prev_close,tests/unit/test_corpactions.py,all,implemented
POOL-03,MUST,pool,Suspected unrecorded splits fail closed,close-to-close ratio within 3% of a common split ratio (>= 1.45x or its inverse) on a day whose dollar volume is < 5x its prior-20-day median -> symbol-day fails chart musts; genuine runners (dollar-volume surge) are not flagged (D22),plan D22,candidate_pool.suspect_split,wt.data.corpactions.suspect_split,tests/unit/test_corpactions.py,all,implemented
POOL-04,MUST,pool,News is point-in-time,headline created_at <= 09:25 (gap scanner) or <= t (HOD),plan D17,candidate_pool.news_asof_field,wt.scanner.pool.build_day,tests/unit/test_pool.py,all,implemented
SCN-GAP-01,MUST,scanner,Price $1.00-20.00,"09:25 price within [1.00, 20.00]",spec §1; C7,scanners.pre_market_gap.price_usd,wt.scanner.ranking.hard_filter_spec,tests/unit/test_funnel.py,F:*,implemented
SCN-GAP-02,SHOULD,scanner,Prefer $1.50-10.00,preferred band sorts first when choosing Tier 2 and the primary,spec §1; C7,scanners.pre_market_gap.preferred_price_usd,wt.scanner.ranking.funnel,tests/unit/test_funnel.py,F:*,implemented
SCN-GAP-03,MUST,scanner,Gap > +5%,gap_pct > 5.0,spec §8; C5; conflicts K-01,scanners.pre_market_gap.gap_min_pct_exclusive,wt.scanner.ranking.hard_filter_spec,tests/unit/test_funnel.py,F:*,implemented
SCN-GAP-04,SHOULD,scanner,Prefer gaps of 20%+,gap subscore rises on a log scale to 50%,spec §1,funnel.subscores.gap,wt.scanner.ranking.spec_score,tests/unit/test_funnel.py,F:*,implemented
SCN-GAP-05,MUST,scanner,Float < 50M,"point-in-time SEC shares outstanding known and < 50,000,000",spec §1; C5,scanners.pre_market_gap.float_max_shares_exclusive,wt.scanner.ranking.hard_filter_spec,tests/unit/test_funnel.py,F:*,implemented
SCN-GAP-06,SHOULD,scanner,Prefer float <= 20M (ideally <= 10M),low_float subscore tiers 10M/20M/50M,spec §1,funnel.subscores.low_float,wt.scanner.ranking.spec_score,tests/unit/test_funnel.py,F:*,implemented
SCN-GAP-07,MUST,scanner,Pre-market volume >= 50k shares,"sum of 04:00-09:24 1-minute volume >= 50,000",spec §1 §8,scanners.pre_market_gap.pm_volume_min_shares,wt.scanner.ranking.hard_filter_spec,tests/unit/test_funnel.py,F:*,implemented
SCN-GAP-08,MUST,scanner,RVOL >= 2.0,"pre-market volume / median same-window volume over 20 prior sessions (floor 1,000) >= 2",spec §1 §7; C2; conflicts K-22,scanners.pre_market_gap.rvol_min,wt.scanner.ranking.hard_filter_spec,tests/unit/test_funnel.py,F:*,implemented
SCN-GAP-09,MUST,scanner,Strong catalyst required,"best headline category in {earnings_release, fda_approval, clinical_study_results, price_target_upgrade, breaking_news}",spec §1 §7; C1; C2,scanners.pre_market_gap.catalyst.required_any,wt.scanner.catalyst.classify_spec,tests/unit/test_catalyst_spec.py,F:*,implemented
SCN-GAP-10,MUST,scanner,Discard buyouts,any buyout_offer headline -> excluded,spec §1 §7; C2,scanners.pre_market_gap.catalyst.excluded,wt.scanner.catalyst.classify_spec,tests/unit/test_catalyst_spec.py,F:*,implemented
SCN-GAP-11,MUST,scanner,Discard unconfirmed rumours,any unconfirmed_rumor headline -> excluded,C1; schema v1,scanners.pre_market_gap.catalyst.excluded,wt.scanner.catalyst.classify_spec,tests/unit/test_catalyst_spec.py,F:*,implemented
SCN-GAP-12,INFO,scanner,500k PM volume to trade pre-market,N/A-01 (no pre-market entries),spec §1,scanners.pre_market_gap.pm_volume_tradeable_shares,,,,n_a
CAT-01,MUST,catalyst,Classifier accuracy >= 85% on dev-span headlines,EXP-0015a: 100 stratified dev-span headlines; owner reviews disagreements and labels 20 blind,plan U2 D17,scanners.pre_market_gap.catalyst,wt.scanner.catalyst.classify_spec,research/experiments/EXP-0015a-catalyst-accuracy,all,planned
SCN-HOD-01,MUST,scanner,HOD scanner price $1.00-10.00,"price at t within [1, 10]",spec §2,scanners.high_of_day.price_usd,wt.scanner.intraday.hod_mask,tests/unit/test_intraday.py,MP-1,implemented
SCN-HOD-02,MUST,scanner,Momentum trades need >= 1M shares,"cumulative regular-session volume at t >= 1,000,000",spec §2 §7; C2; conflicts K-11,scanners.high_of_day.volume_today_min_shares,wt.scanner.intraday.hod_mask,tests/unit/test_intraday.py,MP-1,implemented
SCN-HOD-03,MUST,scanner,HOD RVOL >= 2.0,cumvol_t / (ADV20 x volume_curve(t)) >= 2; curve = mean cumulative share by clock minute from 2019 liquid names (D37),spec §2,scanners.high_of_day.rvol_min,wt.scanner.intraday.hod_mask,tests/unit/test_intraday.py,MP-1,implemented
SCN-HOD-04,MUST,scanner,5-minute volume surge >= 2000%,volume of the last 5 bars / (ADV20 x (curve(t) - curve(t-5))) >= 20; curve from 2019 by clock minute (D37),spec §2; conflicts K-10,scanners.high_of_day.volume_surge_5min_min_ratio,wt.scanner.intraday.hod_mask,tests/unit/test_intraday.py,MP-1,implemented
SCN-HOD-05,MUST,scanner,HOD float <= 20M,"known point-in-time shares outstanding <= 20,000,000",spec §2; conflicts K-12,scanners.high_of_day.float_max_shares,wt.scanner.intraday.hod_mask,tests/unit/test_intraday.py,MP-1,implemented
SCN-HOD-06,MUST,scanner,New high of day,bar high >= regular-session high so far,spec §2,scanners.high_of_day.requires_new_hod,wt.scanner.intraday.hod_mask,tests/unit/test_intraday.py,MP-1,implemented
SCN-HOD-07,MUST,scanner,Spread <= $0.05,NBBO ask-bid at t <= 0.05; unknown fails,spec §2; C4 §4; C10,scanners.high_of_day.spread_max_usd,wt.signals.musts.spread_ok,tests/unit/test_setups_spec.py,MP-1,implemented
SCN-HOD-08,MUST,scanner,HOD window 09:35-11:30,"qualification only in [09:35, 11:30)",C6,scanners.high_of_day.active_window,wt.scanner.intraday.hod_mask,tests/unit/test_intraday.py,MP-1,implemented
SCN-HOD-09,MUST,scanner,Catalyst present,required-category headline created <= t,C2; C6,scanners.high_of_day.catalyst_required,wt.scanner.intraday.hod_mask,tests/unit/test_intraday.py,MP-1,implemented
SCN-HOD-10,INFO,scanner,"Alerts: 52-week highs, daily breakouts, extreme volume",recorded as tags on MP-1 trades,spec §2,scanners.high_of_day,wt.scanner.intraday.hod_tags,tests/unit/test_intraday.py,MP-1,planned
SCN-REV-01,MUST,scanner,Reversal price $15-250,"price at t within [15, 250]",spec §3,scanners.reversal_hybrid.price_usd,wt.scanner.intraday.rev_qualifies,tests/unit/test_intraday.py,REV-1,implemented
SCN-REV-02,MUST,scanner,Volume today >= 500k,"cumulative volume at t >= 500,000",spec §3,scanners.reversal_hybrid.volume_today_min_shares,wt.scanner.intraday.rev_qualifies,tests/unit/test_intraday.py,REV-1,implemented
SCN-REV-03,MUST,scanner,5-day ADV >= 300k,"mean daily volume of the 5 prior sessions >= 300,000",spec §3,scanners.reversal_hybrid.adv5_min_shares,wt.scanner.intraday.rev_qualifies,tests/unit/test_intraday.py,REV-1,implemented
SCN-REV-04,MUST,scanner,RVOL >= 1.0,cumvol_t / (ADV20 x volume_curve(t)) >= 1,spec §3,scanners.reversal_hybrid.rvol_min,wt.scanner.intraday.rev_qualifies,tests/unit/test_intraday.py,REV-1,implemented
SCN-REV-05,MUST,scanner,>= 3 consecutive 5-minute down candles,last >= 3 completed 5m candles red,spec §3,scanners.reversal_hybrid.consecutive_5m_candles_min,wt.scanner.intraday.rev_qualifies,tests/unit/test_intraday.py,REV-1,implemented
SCN-REV-06,MUST,scanner,At or outside the lower Bollinger Band,"5m close <= BB(20, 2.0) lower band",spec §3,scanners.reversal_hybrid.bollinger,wt.scanner.intraday.rev_qualifies,tests/unit/test_intraday.py,REV-1,implemented
SCN-REV-07,MUST,scanner,RSI below 20 on 2m and 5m,"RSI14 on the last completed 2m bar < 20 and on the 5m bar < 20 (prior-session warm-up, D8)",spec §3,scanners.reversal_hybrid.rsi,wt.scanner.intraday.rev_qualifies,tests/unit/test_intraday.py,REV-1,implemented
SCN-REV-08,MUST,scanner,At low of day,signal 5m bar low == regular-session low so far,spec §3,scanners.reversal_hybrid.at_low_of_day,wt.scanner.intraday.rev_qualifies,tests/unit/test_intraday.py,REV-1,implemented
SCN-REV-09,MUST,scanner,>= $0.30 to the 5m EMA9 and >= 2:1,"EMA9(5m) at signal - trigger >= max(0.30, 2R)",spec §3,scanners.reversal_hybrid.target_ema9_5m_min_distance_usd,wt.signals.spec_setups.reversal_long,tests/unit/test_setups_spec.py,REV-1,implemented
SCN-REV-10,INFO,scanner,Overbought short side,N/A-02 (long only),spec §3,not_implementable,,,,n_a
FUN-01,MUST,funnel,Tier 1 = top 20 of the gap scanner,hard filters then v2 score; keep 20,C6; schema v2,funnel.tier1_max,wt.scanner.ranking.funnel,tests/unit/test_funnel.py,F:*,implemented
FUN-02,MUST,funnel,v2 scoring weights,0.25 gap + 0.25 RVOL + 0.20 low float + 0.15 catalyst + 0.15 former runner,schema v2,funnel.weights,wt.scanner.ranking.spec_score,tests/unit/test_funnel.py,F:*,implemented
FUN-03,MUST,funnel,Tier 2 = <= 4 names passing the chart musts,chart filters pass; take 4 by tier2_order,C6,funnel.tier2_max,wt.scanner.ranking.funnel,tests/unit/test_funnel.py,F:*,implemented
FUN-04,MUST,funnel,Deterministic ordering with preferred band first,"sort by (preferred band, score, rvol, gap, symbol) (D18)",C7; plan D18,funnel.tier2_order,wt.scanner.ranking.funnel,tests/unit/test_funnel.py,F:*,implemented
FUN-05,MUST,funnel,Tier 3 primary,"first Tier-2 name with an active PM pattern, else rank 1",C6,funnel.tier3_rule,wt.scanner.ranking.funnel,tests/unit/test_funnel.py,F:*,implemented
FUN-06,MUST,funnel,Only Tier-2 names are traded at the open,GG entries in set F use Tier 2 only,C6,evaluation.sets.F,wt.scanner.ranking.funnel,tests/unit/test_funnel.py,F:*,implemented
FUN-07,SHOULD,funnel,Former runner boosts score only,former_runner subscore; never a filter,C5,former_runner,wt.scanner.checklist.former_runner,tests/unit/test_checklist.py,F:*,implemented
CHT-01,MUST,chart,Above daily EMA 20/50/200,"prior-day split-adjusted close > EMA20, EMA50, EMA200 of closes to the prior day; >= 200 bars",spec §4; C1; C2,chart_filters.daily_emas_above,wt.scanner.checklist.Trend.ok,tests/unit/test_checklist.py,all GG,implemented
CHT-02,MUST,chart,Window taller than ATR14,"nearest overhead level (90 sessions: daily opens, closes, swing highs, prior-day high/close) - price > ATR14; blue sky passes",spec §4; C1; C12; conflicts K-13,chart_filters.window,wt.scanner.checklist.window_ok,tests/unit/test_checklist.py,all GG,implemented
CHT-03,MUST,chart,Discard tightly stacked overhead resistance,implied by CHT-02 (no level within ATR14 above price),spec §4,chart_filters.window,wt.scanner.checklist.window_ok,tests/unit/test_checklist.py,all GG,implemented
CHT-04,MUST,chart,Clear trigger level exists,entry level defined (PMH / pattern apex / candle high),spec §4; C2,chart_filters.trigger_clearance,wt.signals.spec_setups.gg_level_break,tests/unit/test_setups_spec.py,all GG,implemented
CHT-05,SHOULD,chart,Former runner definition,"within 250 sessions: max high / prior min low >= 2 inside any 5-session window, or a day high >= 2x its low (split-adjusted)",spec §4; C5,former_runner,wt.scanner.checklist.former_runner,tests/unit/test_checklist.py,F:*,implemented
CHT-06,MUST,chart,Consolidating near the top of the pre-market range,every 1-minute low 09:10-09:24 >= PM low + 0.75 x (PM high - PM low),spec §7; C2,chart_filters.pm_consolidation,wt.scanner.checklist.pm_consolidation,tests/unit/test_checklist.py,all GG,implemented
CHT-07,MUST,chart,Daily history is point-in-time split-adjusted,"history rescaled by f(d)/f(t), f = raw/split-adjusted close (D2)",plan D2,chart_filters.basis,wt.data.corpactions.SplitFactors.adjust_asof,tests/unit/test_corpactions.py,all,implemented
PAT-01,MUST,pattern,Bull flag pole 3-5 green candles,3-5 consecutive green candles form the pole,sheet Bull Flag; C4,patterns.bull_flag.pole_green_candles,wt.signals.patterns.bull_flag,tests/unit/test_patterns.py,GG-1 GG-3,implemented
PAT-02,MUST,pattern,Flag of 1-3 candles,1-3 consolidation candles after the pole,sheet Bull Flag; C4,patterns.bull_flag.flag_candles,wt.signals.patterns.bull_flag,tests/unit/test_patterns.py,GG-1 GG-3,implemented
PAT-03,MUST,pattern,Flag retraces <= 25% of the pole,(pole high - flag low) / (pole high - pole low) <= 0.25,C4; conflicts K-03,patterns.bull_flag.retrace_max_of_pole,wt.signals.patterns.bull_flag,tests/unit/test_patterns.py,GG-1 GG-3,implemented
PAT-04,MUST,pattern,Flag volume clearly lighter,each flag candle volume < 0.50 x the pole's peak-volume candle (< 0.30 tagged high-conviction),C4; C12; conflicts K-15,patterns.bull_flag.flag_candle_vol_max_of_pole_peak,wt.signals.patterns.bull_flag,tests/unit/test_patterns.py,GG-1 GG-3,implemented
PAT-05,MUST,pattern,Flag holds EMA9,flag lows >= EMA9 of the same timeframe,sheet Bull Flag; C11,patterns.bull_flag.holds_ema,wt.signals.patterns.bull_flag,tests/unit/test_patterns.py,GG-1 GG-3,implemented
PAT-06,MUST,pattern,Flat top,>= 2 highs within $0.01 forming resistance; higher lows; holds EMA9,sheet Flat Top; spec §5,patterns.flat_top,wt.signals.patterns.flat_top,tests/unit/test_patterns.py,GG-1 GG-3,implemented
PAT-07,MUST,pattern,ABCD,"5m: B = leg high, C = higher low above A, (B-C)/(B-A) <= 0.618, above EMA9; entry on the break of B",sheet ABCD; C11; conflicts K-09,patterns.abcd,wt.signals.patterns.abcd,tests/unit/test_patterns.py,GG-3,implemented
PAT-08,MUST,pattern,Breakout needs a new volume spike,"breakout bar volume >= 2 x average of the prior 20 bars (same timeframe, pre-market included); else exit next bar open (D32)",C11; C12; conflicts K-14,patterns.breakout_volume,wt.backtest.engine.simulate,tests/unit/test_engine_spec.py,GG-1 GG-3 MP-1,implemented
PAT-09,MUST,pattern,Pattern must be obvious and clear,pattern detectors enforce PAT-01..07; no discretionary override,C2,patterns,wt.signals.patterns,tests/unit/test_patterns.py,all,implemented
PAT-10,SHOULD,pattern,Pre-market bull flag / flat top on 1m-5m pre-market structure,active PM pattern at 09:25 on PM 5m bars; price in upper half of the flag,spec §1 §8; C1,patterns.pm_pattern,wt.signals.patterns.pm_pattern,tests/unit/test_patterns.py,GG-1 F:*,implemented
PAT-11,MUST,pattern,Intraday bars are clock-aligned,2- and 5-minute buckets are assigned by ET clock minute; the positional resample drifted on thin stocks with missing minutes (D36),plan D36,execution.intraday_bars,wt.signals.bars.resample_clock,tests/unit/test_patterns.py,all,implemented
ENT-00,MUST,entry,Common entry mechanics,stop-limit at trigger +$0.01; stop -$0.01; orders act from the bar after the signal until meta expire_idx; a pending entry is cancelled if the stop trades first (already in engine.simulate; the D35 gap was a false alarm),plan D35,entries.common,wt.backtest.engine.simulate,tests/unit/test_engine_spec.py,all,implemented
ENT-GG-1,MUST,entry,Pre-market high / pattern-apex break,"09:31-10:00; lowest unbroken of {PM pattern apex, PMH} above the 09:30 bar high; stop = pattern low or 09:30 bar low, max 20c; 1 attempt",spec §5; C11; plan D10,entries.GG-1,wt.signals.spec_setups.gg_level_break,tests/unit/test_setups_spec.py,F:GG-1 P:GG-1,implemented
ENT-GG-2,MUST,entry,ORB ladder,1m ORB only on the 09:31 bar (stop = 1st candle low); else 5m ORB 09:35-09:50 (stop = 1st 5m candle low); 1 attempt,spec §5; C9; C11,entries.GG-2,wt.signals.spec_setups.orb_ladder,tests/unit/test_setups_spec.py,F:GG-2 P:GG-2,implemented
ENT-GG-3,MUST,entry,5-minute continuation,09:50-11:00; fresh 5m bull flag / flat top / ABCD formed after 09:45; trigger = pattern high; stop = pattern low; 1 attempt,C11; plan D11,entries.GG-3,wt.signals.spec_setups.continuation_5m,tests/unit/test_setups_spec.py,F:GG-3 P:GG-3,implemented
ENT-GG-4,MUST,entry,Red-to-green,"09:31-10:00; >= 1 close below the open, then the first candle making a new high above max(open, prior high); stop = LOD; 1 attempt",spec §5,entries.GG-4,wt.signals.spec_setups.red_to_green,tests/unit/test_setups_spec.py,F:GG-4 P:GG-4,implemented
ENT-MP-1,MUST,entry,Micro pullback (1-minute fallback),"Tier-2 names 09:31-10:00 or SCN-HOD names 09:35-11:30; single small red candle or bottom-wick candle within 3 bars of a new HOD, near EMA9/20; trigger = its high; stop = its low; expires after 2 bars",spec §6; C10; conflicts K-16 K-17 K-18,entries.MP-1,wt.signals.spec_setups.micro_pullback_1m,tests/unit/test_setups_spec.py,MP-1,implemented
ENT-REV-1,MUST,entry,Reversal long,SCN-REV at a 5m close; trigger = exhaustion candle high (candle-over-candle) valid for 1 5m bar; stop = LOD; target = EMA9(5m) fixed,spec §3; C12; conflicts K-19,entries.REV-1,wt.signals.spec_setups.reversal_long,tests/unit/test_setups_spec.py,REV-1,implemented
EXE-01,MUST,execution,>= 100k shares in the first minute,"09:30 bar volume >= 100,000 for GG-1..4",spec §7; C2,execution.gap_and_go_first_minute_volume_min,wt.signals.musts.first_minute_volume_ok,tests/unit/test_setups_spec.py,all GG,implemented
EXE-02,MUST,execution,Spread <= $0.05 at the signal,NBBO at the signal minute; unknown spread fails (D28),sheet; C4; C10,execution.spread_max_usd,wt.signals.musts.spread_ok,tests/unit/test_setups_spec.py,all,implemented
EXE-03,MUST,execution,Minimum 2:1 reward-to-risk before entry,room to nearest overhead (daily levels + PMH above trigger) or to the target >= 2R (D14),spec §7; C2,execution.min_reward_risk,wt.signals.musts.reward_risk_ok,tests/unit/test_setups_spec.py,all,implemented
EXE-04,MUST,execution,Entry and stop set before the order,EntrySignal carries trigger and stop; the stop never loosens,spec §7; C2,execution.predetermined_entry_and_stop,wt.backtest.engine.simulate,tests/unit/test_engine_spec.py,all,implemented
EXE-05,MUST,execution,Never average down,no management style adds shares; qty never increases,spec §7; C2,execution.averaging_down,wt.backtest.engine.simulate,tests/unit/test_engine_spec.py,all,implemented
EXE-06,MUST,execution,Realistic costs,"slippage per share = max($0.01, half the NBBO spread); stress 1.5x and 2x; an order whose expected fill (trigger + slippage) exceeds the 10%-of-R collar does not fill (D13, D38)",plan D13,execution.entry_collar,wt.backtest.engine.simulate,tests/unit/test_engine_spec.py,all,implemented
EXE-07,MUST,execution,Halts,gap of >= 5 minutes with no prints tagged as a halt; stop fills through the reopen gap,sheet LULD,execution.halts,wt.backtest.engine.simulate,tests/unit/test_engine_spec.py,all,implemented
EXE-08,MUST,execution,Technical analysis drives every decision,"all entries and exits are defined levels, indicators or time rules (by construction)",spec §7; C2,entries,wt.signals.spec_setups,tests/unit/test_setups_spec.py,all,implemented
EXT-01,MUST,exit,Sell 50% at 2:1 and move the stop to breakeven,first target 2R (MP-1: its target); 50% (floor) then stop = entry,spec §5; schema v1,exits.WT,wt.backtest.management.WT,tests/unit/test_engine_spec.py,GG MP,implemented
EXT-02,MUST,exit,Partial needs >= 2 shares,qty < 2 exits 100% at the first target (D12),plan D12,exits.WT.partial_min_qty,wt.backtest.management.WT,tests/unit/test_engine_spec.py,GG MP,implemented
EXT-03,MUST,exit,Runner exits on a broken 5-minute low,runner stop trails the prior completed 5m candle low,spec §5; C8,exits.WT.runner,wt.backtest.management.WT,tests/unit/test_engine_spec.py,GG MP,implemented
EXT-04,MUST,exit,Runner exits below the 9 EMA,5m close < EMA9(5m) -> exit next bar open,spec §5; C8,exits.WT.runner,wt.backtest.management.WT,tests/unit/test_engine_spec.py,GG MP,implemented
EXT-05,MUST,exit,Breakout or bailout (stagnation stop),"at 5 minutes after entry, if first target not hit and close < entry + 0.5R -> exit",spec §7; C2; C8,exits.WT.stagnation,wt.backtest.management.WT,tests/unit/test_engine_spec.py,all,implemented
EXT-06,MUST,exit,No maximum trade duration,winning runners are not time-capped,C8,exits.WT.stagnation.max_trade_duration_minutes,wt.backtest.management.WT,tests/unit/test_engine_spec.py,GG MP,implemented
EXT-07,MUST,exit,Micro-pullback target,next half or whole dollar above the trigger; must be >= 2R away,spec §6,entries.MP-1.target,wt.signals.spec_setups.micro_pullback_1m,tests/unit/test_setups_spec.py,MP-1,implemented
EXT-08,MUST,exit,Reversal target,100% at EMA9(5m) fixed at the signal; stagnation stop applies,spec §3; plan D20,exits.REV,wt.backtest.management.MeanRevert5,tests/unit/test_engine_spec.py,REV-1,implemented
EXT-09,MUST,exit,Never hold overnight,flatten 10 minutes before the (half-day aware) close,sheet Gap and Go,exits.flatten_minutes_before_close,wt.backtest.engine.simulate,tests/unit/test_engine_spec.py,all,implemented
RSK-01,MUST,risk,Risk 1% of equity per trade,"qty = floor(min(risk$/R, available settled cash/price))",plan rev 7,risk.per_trade_risk_pct_of_equity,wt.backtest.portfolio.admit_day,tests/unit/test_portfolio.py,all,implemented
RSK-02,MUST,risk,Small-account viability,"report at US$600, 1,000 and 2,000",plan rev 7,risk.account_sizes_usd,wt.backtest.portfolio.admit_day,tests/unit/test_portfolio.py,all,implemented
RSK-03,MUST,risk,Cash account settlement,entries consume settled cash; proceeds settle T+1; unfunded signals counted (D4),plan D4,risk.cash_account_settlement,wt.backtest.portfolio.admit_day,tests/unit/test_portfolio.py,all,implemented
RSK-04,MUST,risk,Stop after 3 consecutive losers,entry blocked if the trades exited before it end in 3 consecutive losers (D5),sheet Small Account; KB,risk.max_consecutive_losers_per_day,wt.backtest.portfolio.admit_day,tests/unit/test_portfolio.py,all,implemented
RSK-05,MUST,risk,Hard daily stop,entry blocked once realised day R <= -2 (D5),sheet Small Account; C3,risk.max_daily_loss_R,wt.backtest.portfolio.admit_day,tests/unit/test_portfolio.py,all,implemented
RSK-06,MUST,risk,Max 2 attempts per stock per day,per trial; GG entries are single-shot,KB; conflicts K-20,risk.max_attempts_per_stock_per_day,wt.backtest.portfolio.admit_day,tests/unit/test_portfolio.py,all,implemented
RSK-07,SHOULD,risk,Primary stock gets cash first,coincident signals funded in tier order,C6,funnel.cash_priority,wt.backtest.portfolio.admit_day,tests/unit/test_portfolio.py,F:*,implemented
TAP-01,INFO,tape,Tape speed,trades/s in the 60 s before the trigger vs the prior 5 minutes,C4 §3; C10,tape.features,wt.data.tape.features,tests/unit/test_tape.py,all,implemented
TAP-02,INFO,tape,Green prints,"share of volume at/above the ask (quote rule, tick fallback)",C4 §1 §3; C10,tape.features,wt.data.tape.features,tests/unit/test_tape.py,all,implemented
TAP-03,INFO,tape,Ask absorption proxy,"green-print volume surge at the level with price change per 1,000 shares (little slippage); NBBO ask-size depletion",C4 §1; C10,tape.features,wt.data.tape.features,tests/unit/test_tape.py,all,implemented
TAP-04,INFO,tape,Stepping-up bids,count of NBBO bid increases in the 60 s before the trigger,C4 §2,tape.features,wt.data.tape.features,tests/unit/test_tape.py,all,implemented
TAP-05,INFO,tape,Tape freeze after entry,trades/s in the 30 s after entry vs the 60 s before,C4 §5,tape.features,wt.data.tape.features,tests/unit/test_tape.py,all,implemented
TAP-06,INFO,tape,10-second bars,built from SIP trades for 3 minutes either side of MP-1 signals; descriptive entry comparison,C10; C12; plan D33,tape.ten_second_bars,wt.data.tape.ten_second_bars,tests/unit/test_tape.py,MP-1,implemented
TAP-07,INFO,tape,Level 2 depth,N/A-04 needs a depth feed,C4; C10,tape.depth_of_book,,,,needs_data
RTN-01,MUST,routine,08:00 Tier-1 scan,routine writes tier1.json at 08:00,spec §8,routine.stages,scripts.premarket_routine,tests/unit/test_routine.py,forward,planned
RTN-02,MUST,routine,08:30 daily chart analysis,"EMAs, windows, ATR, triggers, former runners",spec §8,routine.stages,scripts.premarket_routine,tests/unit/test_routine.py,forward,planned
RTN-03,MUST,routine,09:00 Tier 2 and pre-market structure,<= 4 names; PM flag / flat top,spec §8; C6,routine.stages,scripts.premarket_routine,tests/unit/test_routine.py,forward,planned
RTN-04,MUST,routine,09:15 primary and staged tickets,"trigger, stop, 2R target, size from a read-only US$600 virtual account (D31)",spec §8; C6,routine.stages,scripts.premarket_routine,tests/unit/test_routine.py,forward,planned
RTN-05,MUST,routine,Opening-window logs,"ORB 09:30-09:50, Gap and Go 09:30-10:00, patterns 09:50-11:00, HOD 09:35-11:30",spec §8; C6; C11,routine.stages,scripts.premarket_routine,tests/unit/test_routine.py,forward,planned
RTN-06,MUST,routine,No broker calls; data-source agreement,"dry run only; IEX live view plus SIP re-evaluation, agreement reported (D23)",plan D23,routine,scripts.premarket_routine,tests/unit/test_routine.py,forward,planned
RTN-07,MUST,routine,Sessions only,calendar check; exits on non-sessions; half-day aware (D29),plan D29,routine,scripts.premarket_routine,tests/unit/test_routine.py,forward,planned
EVL-01,MUST,evaluation,Ten pre-registered trials,"F and P x GG-1..4, MP-1, REV-1; global count 85",plan U12,evaluation.trials,scripts.r3_run,tests/unit/test_spec_traceability.py,all,implemented
EVL-02,MUST,evaluation,Fixed-rule out-of-sample test,OOS 2020-01-01 -> 2025-09-25; 2019 warm-up (D25),plan D25,evaluation.oos_span,scripts.r3_eval,tests/unit/test_r3_eval.py,all,implemented
EVL-03,MUST,evaluation,One-time holdout,only for a trial with OOS CI95 lower bound > 0,DEC-0005,evaluation.holdout_rule,scripts.r3_eval,tests/unit/test_r3_eval.py,all,implemented
EVL-04,MUST,evaluation,Counts-only guard,no R written; relax order window -> PM consolidation -> EMAs if a set-P trial has < 60 dev trades (D16),plan D16,evaluation.count_guard,scripts.r3_run,tests/unit/test_spec_traceability.py,P:*,implemented
EVL-05,MUST,evaluation,Comparable controls,"random entries through the same cash, risk and exit layers; stop distance bootstrapped from the set (D26)",plan D26,evaluation.controls,scripts.r3_run,tests/unit/test_controls.py,all,implemented
